"weeknumber","precipitation"
1," 4.30"
2," 4.07"
3," 2.89"
4," 3.39"
5," 1.01"
6," 1.76"
7," 4.04"
8," 3.23"
9," 2.11"
10," 2.55"
11," 1.91"
12," 1.42"
13," 3.93"
14," 3.54"
15," 1.69"
16," 1.80"
17," 2.23"
18," 2.62"
19," 1.55"
20," 0.73"
21," 1.87"
22," 3.17"
23," 1.79"
24," 2.39"
25," 3.32"
26," 3.99"
27," 2.18"
28," 3.06"
29," 3.18"
30," 2.89"
31," 2.95"
32," 0.62"
33," 2.59"
34," 2.72"
35," 5.13"
36," 0.66"
37," 3.01"
38," 1.60"
39," 1.14"
40," 2.97"
41," 4.17"
42," 1.71"
43," 1.48"
44," 2.00"
45," 3.68"
46," 2.26"
47," 5.85"
48," 3.63"
49," 3.80"
50," 1.71"
51," 1.93"
52," 1.08"
53," 3.46"
54," 0.91"
55," 2.19"
56," 2.17"
57," 2.78"
58," 2.67"
59," 1.94"
60," 1.70"
61," 4.41"
62," 0.81"
63," 1.79"
64," 3.81"
65," 4.24"
66," 1.58"
67," 4.17"
68," 2.07"
69," 3.72"
70," 0.26"
71," 1.42"
72," 1.31"
73," 2.10"
74," 2.39"
75," 1.63"
76," 2.97"
77," 4.18"
78," 3.85"
79," 4.23"
80," 2.80"
81," 3.17"
82," 1.55"
83," 2.68"
84," 1.55"
85," 2.02"
86," 3.27"
87," 3.16"
88," 2.22"
89," 4.71"
90," 2.99"
91," 3.07"
92," 3.57"
93," 1.87"
94," 1.98"
95," 4.69"
96," 2.49"
97," 3.66"
98," 3.70"
99," 1.31"
100," 1.51"
101," 2.54"
102," 2.53"
103," 4.24"
104," 2.37"
105," 2.35"
106," 0.91"
107," 3.28"
108," 3.33"
109," 0.77"
110," 3.11"
111," 0.96"
112," 1.44"
113," 0.58"
114," 1.97"
115," 2.48"
116," 2.33"
117," 1.18"
118," 3.97"
119," 1.87"
120," 1.83"
121," 1.32"
122," 0.26"
123," 1.66"
124," 3.98"
125," 3.44"
126," 2.16"
127," 2.81"
128," 1.39"
129," 1.87"
130," 3.58"
131," 3.08"
132," 4.32"
133," 3.19"
134," 3.84"
135," 2.15"
136," 4.43"
137," 3.85"
138," 1.70"
139," 1.30"
140," 4.12"
141," 0.52"
142," 4.95"
143," 1.41"
144," 2.05"
145," 0.83"
146," 2.36"
147," 0.50"
148," 0.65"
149," 1.95"
150," 0.45"
151," 6.18"
152," 2.58"
153," 2.60"
154," 3.42"
155," 1.45"
156," 1.59"
157," 0.71"
158," 2.40"
159," 2.91"
160," 2.23"
161," 2.75"
162," 1.98"
163," 1.65"
164," 2.75"
165," 1.36"
166," 3.32"
167," 1.43"
168," 2.22"
169," 4.31"
170," 0.86"
171," 2.25"
172," 1.94"
173," 2.35"
174," 2.89"
175," 0.49"
176," 2.46"
177," 3.64"
178," 4.98"
179," 2.73"
180," 2.74"
181," 2.84"
182," 2.41"
183," 3.90"
184," 2.96"
185," 1.78"
186," 2.60"
187," 1.90"
188," 4.27"
189," 2.80"
190," 0.73"
191," 1.90"
192," 4.05"
193," 3.63"
194," 3.33"
195," 4.08"
196," 1.38"
197," 1.12"
198," 0.38"
199," 0.79"
200," 1.27"
201," 1.69"
202," 1.03"
203," 1.60"
204," 3.51"
205," 2.72"
206," 2.10"
207," 2.52"
208," 2.43"
209," 2.32"
210," 2.06"
211," 1.61"
212," 2.54"
213," 3.29"
214," 1.20"
215," 1.74"
216," 4.52"
217," 2.14"
218," 5.58"
219," 1.09"
220," 2.15"
221," 3.47"
222," 1.71"
223," 3.42"
224," 4.10"
225," 2.20"
226," 3.64"
227," 3.84"
228," 1.23"
229," 0.41"
230," 2.69"
231," 3.39"
232," 2.00"
233," 2.61"
234," 3.95"
235," 1.84"
236," 1.23"
237," 1.69"
238," 1.11"
239," 3.57"
240," 2.44"
241," 3.30"
242," 1.21"
243," 3.36"
244," 3.62"
245," 1.95"
246," 4.44"
247," 4.38"
248," 4.64"
249," 2.08"
250,"10.95"
251," 0.47"
252," 2.72"
253," 2.67"
254," 0.57"
255," 2.23"
256," 2.93"
257," 2.58"
258," 0.97"
259," 2.55"
260," 1.38"
261," 3.60"
262," 1.71"
263," 2.34"
264," 1.86"
265," 2.06"
266," 1.65"
267," 1.82"
268," 2.18"
269," 2.21"
270," 2.97"
271," 2.48"
272," 1.71"
273," 4.58"
274," 0.62"
275," 0.53"
276," 2.97"
277," 2.89"
278," 1.32"
279," 2.50"
280," 0.75"
281," 0.48"
282," 5.22"
283," 1.12"
284," 3.04"
285," 0.96"
286," 1.93"
287," 2.54"
288," 1.33"
289," 2.59"
290," 1.26"
291," 2.07"
292," 3.68"
293," 4.23"
294," 2.01"
295," 1.30"
296," 3.45"
297," 2.43"
298," 2.40"
299," 2.45"
300," 2.14"
301," 6.42"
302," 5.35"
303," 2.29"
304," 3.39"
305," 4.22"
306," 1.76"
307," 3.56"
308," 2.97"
309," 3.15"
310," 2.10"
311," 2.15"
312," 1.99"
313," 1.07"
314," 1.48"
315," 1.08"
316," 1.68"
317," 1.69"
318," 2.08"
319," 2.33"
320," 2.36"
321," 2.14"
322," 1.00"
323," 3.93"
324," 1.23"
325," 0.48"
326," 1.38"
327," 3.38"
328," 0.77"
329," 2.52"
330," 3.44"
331," 2.86"
332," 4.43"
333," 3.50"
334," 2.27"
335," 3.23"
336," 1.51"
337," 1.18"
338," 3.07"
339," 4.23"
340," 2.36"
341," 4.86"
342," 2.31"
343," 2.21"
344," 1.37"
345," 2.54"
346," 2.68"
347," 4.00"
348," 5.18"
349," 2.02"
350," 2.74"
351," 3.38"
352," 0.86"
353," 3.20"
354," 0.50"
355," 0.22"
356," 1.49"
357," 1.09"
358," 1.60"
359," 2.75"
360," 3.31"
361," 2.66"
362," 2.78"
363," 2.57"
364," 1.56"
365," 2.11"
366," 2.24"
367," 2.06"
368," 1.41"
369," 3.08"
370," 1.38"
371," 1.27"
372," 2.81"
373," 1.11"
374," 2.24"
375," 0.75"
376," 3.11"
377," 0.95"
378," 0.40"
379," 3.39"
380," 1.52"
381," 2.74"
382," 3.22"
383," 0.37"
384," 2.06"
385," 2.01"
386," 3.52"
387," 2.05"
388," 1.30"
389," 3.35"
390," 4.17"
391," 8.65"
392," 4.33"
393," 3.22"
394," 0.86"
395," 1.95"
396," 1.50"
397," 1.26"
398," 1.23"
399," 2.89"
400," 1.01"
401," 4.20"
402," 3.95"
403," 7.12"
404," 1.40"
405," 0.49"
406," 0.74"
407," 2.54"
408," 4.35"
409," 1.34"
410," 3.40"
411," 3.34"
412," 2.76"
413," 2.27"
414," 1.99"
415," 1.62"
416," 4.48"
417," 2.36"
418," 1.45"
419," 1.15"
420," 0.95"
421," 1.92"
422," 2.95"
423," 1.01"
424," 1.32"
425," 1.98"
426," 3.04"
427," 1.11"
428," 1.32"
429," 0.73"
430," 0.08"
431," 0.55"
432," 1.45"
433," 0.45"
434," 2.51"
435," 2.94"
436," 0.58"
437," 1.57"
438," 2.07"
439," 1.74"
440," 2.98"
441," 2.41"
442," 1.71"
443," 4.49"
444," 3.84"
445," 2.27"
446," 3.11"
447," 1.02"
448," 2.11"
449," 2.23"
450," 1.78"
451," 2.85"
452," 4.44"
453," 4.07"
454," 2.31"
455," 3.28"
456," 2.88"
457," 2.97"
458," 3.41"
459," 0.86"
460," 3.38"
461," 0.40"
462," 2.24"
463," 3.11"
464," 2.88"
465," 4.66"
466," 3.45"
467," 1.59"
468," 3.30"
469," 1.17"
470," 1.74"
471," 1.14"
472," 2.13"
473," 4.33"
474," 1.66"
475," 1.88"
476," 3.33"
477," 0.95"
478," 2.32"
479," 2.78"
480," 1.53"
481," 1.85"
482," 0.88"
483," 2.82"
484," 1.58"
485," 1.03"
486," 1.09"
487," 3.87"
488," 1.93"
489," 2.86"
490," 4.06"
491," 2.61"
492," 2.96"
493," 2.72"
494," 0.89"
495," 2.22"
496," 3.29"
497," 3.67"
498," 2.34"
499," 2.46"
500," 1.61"
501," 2.93"
502," 3.03"
503," 4.56"
504," 4.09"
505," 3.76"
506," 2.23"
507," 1.51"
508," 4.75"
509," 3.80"
510," 6.03"
511," 2.30"
512," 3.68"
513," 1.81"
514," 3.57"
515," 4.08"
516," 1.18"
517," 3.17"
518," 1.28"
519," 3.98"
520," 1.03"
521," 1.86"
522," 4.07"
523," 2.11"
524," 2.55"
525," 2.17"
526," 2.07"
527," 1.99"
528," 3.57"
529," 2.75"
530," 2.85"
531," 0.92"
532," 0.24"
533," 1.53"
534," 1.88"
535," 2.63"
536," 1.19"
537," 3.13"
538," 2.92"
539," 3.55"
540," 2.78"
541," 4.75"
542," 2.09"
543," 2.20"
544," 3.64"
545," 0.95"
546," 5.00"
547," 2.73"
548," 2.74"
549," 1.80"
550," 1.67"
551," 3.38"
552," 3.40"
553," 1.79"
554," 3.14"
555," 2.01"
556," 2.32"
557," 2.64"
558," 1.48"
559," 1.88"
560," 1.94"
561," 1.99"
562," 1.93"
563," 1.22"
564," 2.44"
565," 1.74"
566," 3.16"
567," 2.36"
568," 2.88"
569," 0.33"
570," 2.67"
571," 1.79"
572," 1.54"
573," 2.47"
574," 1.81"
575," 1.89"
576," 0.33"
577," 0.66"
578," 1.26"
579," 0.91"
580," 0.34"
581," 3.09"
582," 4.09"
583," 1.51"
584," 2.81"
585," 2.17"
586," 1.35"
587," 2.57"
588," 0.81"
589," 2.63"
590," 3.48"
591," 2.92"
592," 2.83"
593," 1.79"
594," 2.86"
595," 1.58"
596," 3.42"
597," 1.74"
598," 1.81"
599," 3.87"
600," 1.17"
601," 2.73"
602," 3.20"
603," 3.61"
604," 3.28"
605," 3.11"
606," 2.97"
607," 1.31"
608," 3.08"
609," 5.07"
610," 1.63"
611," 4.94"
612," 1.81"
613," 4.15"
614," 0.92"
615," 2.43"
616," 0.56"
617," 2.19"
618," 3.04"
619," 0.99"
620," 3.77"
621," 2.72"
622," 0.74"
623," 4.10"
624," 2.21"
625," 1.54"
626," 1.89"
627," 2.93"
628," 2.49"
629," 2.17"
630," 2.02"
631," 2.05"
632," 1.27"
633," 3.70"
634," 2.93"
635," 1.71"
636," 0.54"
637," 1.73"
638," 0.45"
639," 1.71"
640," 1.42"
641," 2.63"
642," 0.88"
643," 1.98"
644," 3.34"
645," 0.67"
646," 3.33"
647," 2.56"
648," 2.51"
649," 1.22"
650," 3.82"
651," 2.74"
652," 1.64"
653," 1.72"
654," 3.12"
655," 2.63"
656," 4.40"
657," 2.53"
658," 4.21"
659," 3.64"
660," 2.35"
661," 2.24"
662," 2.90"
663," 3.88"
664," 3.29"
665," 3.41"
666," 2.27"
667," 1.33"
668," 2.21"
669," 2.85"
670," 2.21"
671," 4.47"
672," 0.77"
673," 1.79"
674," 0.39"
675," 4.06"
676," 2.49"
677," 2.26"
678," 1.76"
679," 0.97"
680," 1.65"
681," 1.23"
682," 2.08"
683," 2.01"
684," 1.23"
685," 1.20"
686," 1.45"
687," 0.76"
688," 2.34"
689," 1.71"
690," 1.82"
691," 2.16"
692," 3.24"
693," 0.32"
694," 3.15"
695," 1.05"
696," 3.09"
697," 2.36"
698," 3.39"
699," 1.85"
700," 2.92"
701," 2.16"
702," 3.71"
703," 1.97"
704," 1.45"
705," 1.41"
706," 1.48"
707," 4.73"
708," 1.47"
709," 4.83"
710," 2.03"
711," 5.24"
712," 1.81"
713," 1.87"
714," 1.60"
715," 3.42"
716," 2.03"
717," 1.25"
718," 1.36"
719," 0.59"
720," 0.14"
721," 0.84"
722," 2.08"
723," 2.17"
724," 1.97"
725," 4.11"
726," 2.59"
727," 1.34"
728," 3.71"
729," 1.60"
730," 1.93"
731," 2.27"
732," 2.73"
733," 1.11"
734," 4.18"
735," 1.76"
736," 2.16"
737," 1.18"
738," 0.67"
739," 1.33"
740," 2.09"
741," 2.74"
742," 1.25"
743," 3.17"
744," 1.44"
745," 2.41"
746," 2.06"
747," 2.71"
748," 2.52"
749," 3.99"
750," 1.95"
751," 2.03"
752," 2.21"
753," 1.85"
754," 3.85"
755," 3.56"
756," 3.42"
757," 2.12"
758," 1.83"
759," 4.29"
760," 2.09"
761," 2.61"
762," 3.77"
763," 5.18"
764," 4.13"
765," 4.49"
766," 2.48"
767," 2.65"
768," 1.18"
769," 4.57"
770," 2.98"
771," 2.53"
772," 0.48"
773," 1.52"
774," 0.85"
775," 0.97"
776," 2.07"
777," 2.93"
778," 3.46"
779," 1.86"
780," 2.64"
781," 2.39"
782," 4.31"
783," 2.54"
784," 1.75"
785," 1.28"
786," 3.79"
787," 3.59"
788," 2.49"
789," 4.33"
790," 2.13"
791," 4.30"
792," 1.55"
793," 0.34"
794," 2.47"
795," 1.43"
796," 1.04"
797," 1.28"
798," 3.57"
799," 1.14"
800," 1.11"
801," 1.67"
802," 2.19"
803," 2.82"
804," 2.64"
805," 1.86"
806," 1.97"
807," 0.96"
808," 2.29"
809," 4.36"
810," 3.77"
811," 2.51"
812," 1.65"
813," 1.12"
814," 4.92"
815," 2.60"
816," 2.60"
817," 3.25"
818," 3.22"
819," 4.00"
820," 3.96"
821," 3.95"
822," 4.17"
823," 3.68"
824," 1.91"
825," 4.61"
826," 1.18"
827," 1.08"
828," 3.26"
829," 3.91"
830," 5.76"
831," 1.84"
832," 1.91"
833," 3.03"
834," 3.50"
835," 1.76"
836," 2.13"
837," 1.98"
838," 1.89"
839," 2.71"
840," 2.18"
841," 2.44"
842," 1.56"
843," 0.66"
844," 4.23"
845," 1.75"
846," 1.87"
847," 3.17"
848," 1.46"
849," 1.46"
850," 0.19"
851," 3.55"
852," 2.41"
853," 0.93"
854," 1.28"
855," 3.60"
856," 1.31"
857," 1.34"
858," 4.29"
859," 3.61"
860," 1.53"
861," 2.44"
862," 2.92"
863," 1.71"
864," 2.26"
865," 2.53"
866," 2.79"
867," 4.62"
868," 2.41"
869," 2.96"
870," 2.53"
871," 2.02"
872," 1.32"
873," 3.16"
874," 2.38"
875," 2.77"
876," 5.25"
877," 1.21"
878," 0.47"
879," 5.09"
880," 5.01"
881," 2.58"
882," 2.59"
883," 4.12"
884," 7.18"
885," 1.31"
886," 1.77"
887," 2.31"
888," 2.20"
889," 2.11"
890," 1.67"
891," 4.13"
892," 2.08"
893," 1.46"
894," 1.73"
895," 1.45"
896," 1.52"
897," 0.82"
898," 1.16"
899," 1.95"
900," 2.10"
901," 2.69"
902," 2.72"
903," 4.43"
904," 0.93"
905," 3.22"
906," 2.38"
907," 2.12"
908," 0.86"
909," 0.42"
910," 4.86"
911," 5.01"
912," 3.95"
913," 3.31"
914," 1.90"
915," 2.58"
916," 2.59"
917," 2.91"
918," 3.52"
919," 2.77"
920," 3.10"
921," 1.63"
922," 2.98"
923," 0.43"
924," 0.83"
925," 4.04"
926," 4.46"
927," 1.03"
928," 3.32"
929," 5.60"
930," 2.69"
931," 4.84"
932," 2.18"
933," 3.04"
934," 2.23"
935," 2.04"
936," 1.34"
937," 2.78"
938," 4.81"
939," 1.78"
940," 2.38"
941," 1.73"
942," 2.35"
943," 1.52"
944," 5.09"
945," 0.89"
946," 1.54"
947," 1.01"
948," 1.25"
949," 0.49"
950," 2.71"
951," 3.62"
952," 1.38"
953," 3.07"
954," 1.14"
955," 1.78"
956," 2.57"
957," 1.54"
958," 1.63"
959," 3.24"
960," 1.71"
961," 4.01"
962," 3.14"
963," 4.26"
964," 2.68"
965," 5.17"
966," 3.51"
967," 2.46"
968," 4.16"
969," 3.09"
970," 3.23"
971," 3.05"
972," 3.19"
973," 6.72"
974," 0.94"
975," 5.10"
976," 2.87"
977," 1.68"
978," 2.98"
979," 2.74"
980," 2.62"
981," 3.61"
982," 2.18"
983," 1.54"
984," 1.75"
985," 2.18"
986," 3.40"
987," 3.46"
988," 3.57"
989," 2.49"
990," 1.25"
991," 5.56"
992," 1.74"
993," 3.28"
994," 2.40"
995," 3.14"
996," 3.79"
997," 1.49"
998," 1.10"
999," 0.33"
1000," 0.87"
1001," 0.35"
1002," 0.40"
1003," 1.47"
1004," 2.79"
1005," 3.20"
1006," 1.34"
1007," 2.78"
1008," 2.14"
1009," 2.17"
1010," 4.15"
1011," 2.54"
1012," 3.49"
1013," 2.23"
1014," 4.15"
1015," 2.30"
1016," 2.88"
1017," 4.94"
1018," 3.32"
1019," 1.83"
1020," 2.19"
1021," 3.92"
1022," 5.36"
1023," 3.27"
1024," 2.97"
1025," 1.61"
1026," 1.78"
1027," 2.27"
1028," 1.21"
1029," 2.54"
1030," 3.42"
1031," 2.48"
1032," 2.91"
1033," 3.26"
1034," 2.89"
1035," 2.96"
1036," 1.71"
1037," 3.20"
1038," 5.19"
1039," 0.88"
1040," 2.22"
1041," 4.42"
1042," 1.92"
1043," 1.62"
1044," 1.03"
1045," 1.53"
1046," 2.32"
1047," 1.46"
1048," 3.00"
1049," 2.04"
1050," 2.00"
1051," 1.60"
1052," 1.47"
1053," 3.47"
1054," 0.61"
1055," 0.79"
1056," 2.48"
1057," 2.47"
1058," 0.74"
1059," 0.67"
1060," 4.49"
1061," 2.32"
1062," 2.21"
1063," 4.01"
1064," 1.64"
1065," 3.38"
1066," 2.65"
1067," 1.63"
1068," 3.16"
1069," 2.85"
1070," 4.02"
1071," 3.32"
1072," 4.49"
1073," 4.20"
1074," 3.12"
1075," 0.80"
1076," 1.33"
1077," 3.83"
1078," 2.01"
1079," 5.70"
1080," 4.09"
1081," 2.56"
1082," 4.63"
1083," 2.93"
1084," 3.04"
1085," 2.59"
1086," 1.95"
1087," 4.81"
1088," 0.90"
1089," 2.90"
1090," 2.86"
1091," 3.38"
1092," 3.83"
1093," 3.14"
1094," 3.24"
1095," 2.88"
1096," 1.08"
1097," 2.62"
1098," 1.94"
1099," 1.71"
1100," 3.11"
1101," 3.08"
1102," 3.64"
1103," 2.92"
1104," 3.28"
1105," 2.13"
1106," 2.04"
1107," 2.76"
1108," 0.83"
1109," 3.00"
1110," 0.28"
1111," 1.35"
1112," 1.33"
1113," 1.75"
1114," 0.94"
1115," 1.22"
1116," 2.30"
1117," 4.38"
1118," 1.74"
1119," 1.89"
1120," 1.68"
1121," 3.22"
1122," 2.48"
1123," 1.95"
1124," 3.56"
1125," 2.84"
1126," 3.75"
1127," 0.85"
1128," 3.04"
1129," 1.60"
1130," 4.57"
1131," 2.23"
1132," 2.80"
1133," 1.77"
1134," 3.61"
1135," 3.60"
1136," 3.51"
1137," 1.45"
1138," 2.24"
1139," 3.02"
1140," 3.14"
1141," 1.29"
1142," 3.06"
1143," 2.09"
1144," 1.29"
1145," 4.73"
1146," 3.76"
1147," 2.09"
1148," 3.03"
1149," 2.29"
1150," 2.40"
1151," 3.94"
1152," 2.47"
1153," 3.35"
1154," 0.64"
1155," 3.39"
1156," 2.02"
1157," 3.93"
1158," 2.16"
1159," 2.29"
1160," 3.45"
1161," 1.03"
1162," 1.30"
1163," 2.54"
1164," 2.71"
1165," 0.29"
1166," 3.22"
1167," 0.91"
1168," 2.27"
1169," 0.31"
1170," 3.57"
1171," 1.83"
1172," 2.22"
1173," 5.23"
1174," 2.02"
1175," 1.28"
1176," 6.25"
1177," 3.74"
1178," 1.71"
1179," 2.83"
1180," 4.62"
1181," 3.16"
1182," 4.24"
1183," 1.54"
1184," 2.94"
1185," 2.62"
1186," 2.04"
1187," 5.02"
1188," 2.83"
1189," 1.60"
1190," 1.65"
1191," 4.80"
1192," 2.12"
1193," 4.11"
1194," 1.26"
1195," 1.49"
1196," 2.76"
1197," 2.97"
1198," 4.84"
1199," 1.67"
1200," 3.79"
1201," 2.86"
1202," 1.24"
1203," 1.24"
1204," 1.62"
1205," 2.91"
1206," 1.11"
1207," 1.19"
1208," 1.51"
1209," 1.68"
1210," 2.34"
1211," 6.93"
1212," 0.49"
1213," 1.87"
1214," 3.12"
1215," 1.14"
1216," 2.29"
1217," 2.23"
1218," 2.78"
1219," 4.00"
1220," 1.46"
1221," 1.77"
1222," 2.61"
1223," 3.51"
1224," 2.96"
1225," 2.50"
1226," 5.33"
1227," 2.23"
1228," 1.56"
1229," 1.56"
1230," 5.16"
1231," 3.83"
1232," 3.94"
1233," 1.37"
1234," 2.50"
1235," 2.36"
1236," 2.25"
1237," 1.21"
1238," 4.42"
1239," 2.26"
1240," 2.62"
1241," 3.79"
1242," 1.64"
1243," 0.46"
1244," 5.67"
1245," 1.49"
1246," 3.38"
1247," 3.97"
1248," 2.56"
1249," 1.95"
1250," 2.57"
1251," 3.59"
1252," 3.28"
1253," 1.59"
1254," 2.04"
1255," 2.41"
1256," 4.74"
1257," 2.31"
1258," 1.14"
1259," 1.81"
1260," 3.58"
1261," 1.37"
1262," 3.55"
1263," 1.02"
1264," 2.33"
1265," 2.15"
1266," 4.41"
1267," 2.31"
1268," 1.84"
1269," 2.87"
1270," 2.34"
1271," 4.93"
1272," 4.29"
1273," 2.01"
1274," 2.20"
1275," 2.92"
1276," 4.44"
1277," 2.99"
1278," 1.85"
1279," 3.27"
1280," 1.94"
1281," 1.35"
1282," 2.27"
1283," 3.61"
1284," 1.79"
1285," 3.46"
1286," 3.22"
1287," 4.03"
1288," 1.11"
1289," 3.20"
1290," 2.56"
1291," 3.59"
1292," 2.78"
1293," 1.98"
1294," 3.22"
1295," 0.43"
1296," 2.54"
1297," 1.85"
1298," 4.14"
1299," 3.40"
1300," 1.34"
1301," 2.46"
1302," 1.81"
1303," 2.92"
1304," 1.39"
1305," 1.80"
1306," 4.38"
1307," 2.28"
1308," 3.60"
1309," 1.63"
1310," 1.55"
1311," 1.41"
1312," 2.14"
1313," 4.39"
1314," 1.79"
1315," 1.28"
1316," 3.07"
1317," 3.45"
1318," 2.69"
1319," 0.18"
1320," 3.24"
1321," 1.10"
1322," 1.62"
1323," 1.74"
1324," 0.95"
1325," 1.38"
1326," 3.21"
1327," 3.74"
1328," 3.10"
1329," 4.10"
1330," 1.44"
1331," 1.65"
1332," 1.83"
1333," 3.07"
1334," 4.66"
1335," 2.52"
1336," 2.17"
1337," 2.41"
1338," 3.24"
1339," 4.14"
1340," 3.15"
1341," 3.95"
1342," 3.68"
1343," 1.91"
1344," 1.15"
1345," 1.33"
1346," 2.82"
1347," 3.06"
1348," 1.08"
1349," 1.84"
1350," 2.51"
1351," 1.97"
1352," 2.62"
1353," 3.09"
1354," 2.69"
1355," 3.83"
1356," 1.89"
1357," 2.28"
1358," 2.24"
1359," 3.47"
1360," 2.44"
1361," 3.15"
1362," 2.04"
1363," 1.72"
1364," 5.03"
1365," 1.44"
1366," 5.70"
1367," 2.77"
1368," 2.24"
1369," 2.92"
1370," 2.89"
1371," 0.50"
1372," 2.13"
1373," 3.10"
1374," 1.95"
1375," 3.95"
1376," 1.65"
1377," 2.92"
1378," 0.36"
1379," 0.91"
1380," 2.50"
1381," 5.44"
1382," 3.25"
1383," 4.32"
1384," 2.35"
1385," 2.22"
1386," 2.53"
1387," 3.66"
1388," 1.90"
1389," 3.35"
1390," 0.81"
1391," 1.68"
1392," 2.09"
1393," 2.94"
1394," 3.61"
1395," 3.40"
1396," 1.31"
1397," 3.16"
1398," 1.44"
1399," 2.68"
1400," 1.06"
1401," 1.43"
1402," 1.22"
1403," 0.70"
1404," 3.40"
1405," 2.81"
1406," 2.77"
1407," 1.28"
1408," 2.54"
1409," 1.76"
1410," 1.84"
1411," 3.51"
1412," 1.51"
1413," 2.76"
1414," 2.30"
1415," 1.70"
1416," 1.20"
1417," 3.26"
1418," 2.74"
1419," 2.10"
1420," 2.16"
1421," 2.19"
1422," 3.91"
1423," 2.10"
1424," 0.53"
1425," 3.97"
1426," 1.24"
1427," 2.08"
1428," 0.84"
1429," 1.67"
1430," 1.76"
1431," 2.56"
1432," 1.57"
1433," 4.08"
1434," 2.03"
1435," 4.78"
1436," 3.44"
1437," 2.82"
1438," 1.61"
1439," 2.64"
1440," 4.59"
1441," 3.79"
1442," 4.30"
1443," 4.30"
1444," 3.37"
1445," 4.00"
1446," 4.40"
1447," 5.05"
1448," 5.68"
1449," 3.55"
1450," 2.72"
1451," 0.81"
1452," 0.23"
1453," 1.61"
1454," 5.49"
1455," 2.69"
1456," 3.70"
1457," 2.94"
1458," 4.69"
1459," 3.27"
1460," 3.48"
1461," 1.55"
1462," 2.68"
1463," 3.79"
1464," 1.93"
1465," 4.38"
1466," 0.92"
1467," 1.00"
1468," 0.74"
1469," 0.73"
1470," 0.48"
1471," 0.47"
1472," 2.23"
1473," 2.59"
1474," 2.43"
1475," 2.38"
1476," 2.62"
1477," 2.07"
1478," 0.17"
1479," 0.59"
1480," 4.34"
1481," 2.65"
1482," 1.34"
1483," 3.32"
1484," 3.15"
1485," 2.96"
1486," 2.13"
1487," 2.44"
1488," 2.01"
1489," 2.25"
1490," 2.66"
1491," 3.29"
1492," 2.83"
1493," 1.77"
1494," 4.30"
1495," 2.51"
1496," 3.52"
1497," 1.62"
1498," 6.20"
1499," 2.87"
1500," 2.80"
1501," 4.42"
1502," 1.72"
1503," 1.06"
1504," 1.99"
1505," 0.23"
1506," 0.83"
1507," 4.65"
1508," 1.88"
1509," 2.31"
1510," 2.59"
1511," 1.76"
1512," 2.04"
1513," 2.89"
1514," 3.63"
1515," 2.67"
1516," 2.25"
1517," 3.26"
1518," 1.37"
1519," 1.28"
1520," 1.18"
1521," 2.28"
1522," 2.07"
1523," 2.32"
1524," 1.92"
1525," 2.56"
1526," 3.25"
1527," 3.86"
1528," 4.53"
1529," 0.92"
1530," 3.68"
1531," 2.27"
1532," 3.40"
1533," 2.20"
1534," 2.94"
1535," 1.92"
1536," 2.24"
1537," 2.78"
1538," 2.71"
1539," 3.15"
1540," 1.06"
1541," 2.33"
1542," 1.66"
1543," 2.97"
1544," 4.14"
1545," 2.80"
1546," 2.39"
1547," 3.35"
1548," 3.50"
1549," 1.71"
1550," 5.60"
1551," 1.00"
1552," 1.22"
1553," 3.97"
1554," 3.71"
1555," 3.24"
1556," 2.83"
1557," 2.76"
1558," 2.57"
1559," 1.04"
1560," 3.09"
1561," 4.69"
1562," 1.99"
1563," 2.34"
1564," 2.65"
1565," 3.49"
1566," 0.35"
1567," 4.99"
1568," 1.39"
1569," 1.28"
1570," 0.71"
1571," 0.39"
1572," 1.50"
1573," 1.62"
1574," 1.14"
1575," 1.45"
1576," 2.10"
1577," 5.20"
1578," 1.21"
1579," 1.52"
1580," 4.31"
1581," 2.56"
1582," 0.89"
1583," 1.84"
1584," 1.77"
1585," 2.62"
1586," 0.78"
1587," 2.20"
1588," 3.84"
1589," 1.75"
1590," 3.40"
1591," 2.23"
1592," 2.97"
1593," 1.89"
1594," 4.15"
1595," 3.81"
1596," 5.08"
1597," 2.60"
1598," 3.17"
1599," 2.11"
1600," 2.91"
1601," 4.37"
1602," 3.93"
1603," 3.56"
1604," 3.82"
1605," 3.22"
1606," 1.64"
1607," 2.78"
1608," 4.17"
1609," 1.19"
1610," 2.68"
1611," 1.71"
1612," 0.90"
1613," 2.37"
1614," 2.66"
1615," 3.93"
1616," 1.92"
1617," 1.93"
1618," 1.67"
1619," 1.98"
1620," 0.94"
1621," 0.43"
1622," 0.91"
1623," 2.90"
1624," 3.71"
1625," 1.83"
1626," 2.85"
1627," 0.97"
1628," 0.95"
1629," 1.46"
1630," 0.99"
1631," 3.79"
1632," 1.73"
1633," 3.30"
1634," 2.18"
1635," 1.44"
1636," 1.69"
1637," 3.77"
1638," 0.27"
1639," 3.57"
1640," 2.52"
1641," 3.09"
1642," 3.63"
1643," 4.77"
1644," 2.78"
1645," 0.85"
1646," 1.51"
1647," 2.45"
1648," 2.77"
1649," 4.60"
1650," 4.11"
1651," 0.24"
1652," 2.65"
1653," 6.54"
1654," 4.23"
1655," 1.68"
1656," 3.35"
1657," 3.39"
1658," 3.01"
1659," 2.34"
1660," 3.85"
1661," 2.06"
1662," 1.35"
1663," 0.65"
1664," 3.04"
1665," 2.33"
1666," 1.33"
1667," 1.55"
1668," 1.36"
1669," 2.70"
1670," 3.20"
1671," 3.13"
1672," 2.27"
1673," 2.60"
1674," 1.80"
1675," 3.89"
1676," 0.92"
1677," 1.37"
1678," 0.62"
1679," 2.09"
1680," 2.74"
1681," 1.49"
1682," 1.51"
1683," 4.52"
1684," 1.25"
1685," 2.66"
1686," 1.55"
1687," 0.45"
1688," 1.97"
1689," 1.63"
1690," 2.38"
1691," 2.49"
1692," 3.53"
1693," 3.06"
1694," 4.30"
1695," 3.34"
1696," 2.20"
1697," 2.41"
1698," 3.86"
1699," 1.64"
1700," 2.85"
1701," 2.88"
1702," 1.63"
1703," 2.16"
1704," 4.82"
1705," 3.47"
1706," 1.31"
1707," 4.39"
1708," 2.91"
1709," 3.82"
1710," 3.70"
1711," 3.13"
1712," 2.00"
1713," 0.66"
1714," 5.69"
1715," 2.89"
1716," 2.53"
1717," 2.38"
1718," 2.95"
1719," 2.67"
1720," 2.69"
1721," 4.01"
1722," 1.89"
1723," 1.32"
1724," 3.36"
1725," 0.45"
1726," 1.55"
1727," 3.15"
1728," 1.06"
1729," 1.00"
1730," 1.38"
1731," 1.33"
1732," 2.01"
1733," 2.84"
1734," 1.90"
1735," 1.93"
1736," 2.75"
1737," 3.71"
1738," 0.78"
1739," 2.49"
1740," 5.30"
1741," 1.87"
1742," 2.22"
1743," 3.44"
1744," 3.18"
1745," 1.64"
1746," 1.24"
1747," 1.81"
1748," 4.45"
1749," 2.90"
1750," 0.85"
1751," 1.64"
1752," 3.19"
1753," 4.81"
1754," 2.86"
1755," 1.65"
1756," 2.91"
1757," 1.95"
1758," 3.70"
1759," 2.55"
1760," 4.43"
1761," 1.90"
1762," 4.78"
1763," 5.12"
1764," 1.19"
1765," 1.80"
1766," 2.34"
1767," 2.57"
1768," 2.70"
1769," 4.58"
1770," 3.44"
1771," 4.03"
1772," 4.40"
1773," 3.36"
1774," 2.85"
1775," 2.07"
1776," 1.49"
1777," 1.07"
1778," 2.37"
1779," 1.91"
1780," 1.02"
1781," 3.28"
1782," 1.40"
1783," 2.58"
1784," 1.40"
1785," 3.22"
1786," 2.51"
1787," 0.40"
1788," 2.46"
1789," 0.82"
1790," 2.05"
1791," 2.24"
1792," 1.96"
1793," 3.24"
1794," 1.38"
1795," 5.32"
1796," 2.56"
1797," 3.81"
1798," 2.68"
1799," 4.26"
1800," 4.01"
1801," 3.58"
1802," 3.08"
1803," 2.86"
1804," 1.33"
1805," 1.88"
1806," 4.46"
1807," 3.29"
1808," 1.74"
1809," 2.95"
1810," 2.30"
1811," 5.79"
1812," 0.84"
1813," 3.21"
1814," 1.05"
1815," 1.22"
1816," 3.84"
1817," 2.54"
1818," 2.48"
1819," 4.09"
1820," 2.71"
1821," 0.59"
1822," 2.07"
1823," 2.96"
1824," 2.18"
1825," 4.08"
1826," 4.06"
1827," 2.38"
1828," 1.77"
1829," 3.37"
1830," 2.89"
1831," 1.55"
1832," 1.35"
1833," 5.11"
1834," 4.33"
1835," 2.20"
1836," 3.52"
1837," 2.17"
1838," 0.53"
1839," 2.64"
1840," 4.87"
1841," 1.15"
1842," 1.47"
1843," 2.84"
1844," 1.30"
1845," 2.70"
1846," 2.65"
1847," 1.52"
1848," 4.48"
1849," 1.46"
1850," 1.97"
1851," 5.51"
1852," 2.38"
1853," 2.87"
1854," 2.49"
1855," 3.43"
1856," 2.88"
1857," 1.56"
1858," 3.28"
1859," 4.85"
1860," 3.72"
1861," 3.58"
1862," 5.04"
1863," 1.43"
1864," 3.06"
1865," 3.79"
1866," 3.48"
1867," 4.31"
1868," 3.54"
1869," 1.49"
1870," 1.95"
1871," 6.27"
1872," 3.25"
1873," 4.24"
1874," 2.15"
1875," 2.89"
1876," 2.31"
1877," 2.77"
1878," 3.50"
1879," 2.18"
1880," 1.38"
1881," 1.40"
1882," 2.59"
1883," 2.30"
1884," 2.06"
1885," 1.15"
1886," 2.71"
1887," 0.73"
1888," 2.27"
1889," 3.34"
1890," 1.70"
1891," 1.71"
1892," 1.68"
1893," 1.98"
1894," 1.69"
1895," 2.60"
1896," 2.47"
1897," 1.99"
1898," 1.75"
1899," 5.20"
1900," 0.97"
1901," 2.94"
1902," 4.40"
1903," 3.29"
1904," 3.81"
1905," 2.71"
1906," 2.06"
1907," 3.76"
1908," 3.15"
1909," 3.66"
1910," 3.41"
1911," 3.37"
1912," 2.46"
1913," 2.77"
1914," 3.26"
1915," 6.14"
1916," 2.59"
1917," 5.47"
1918," 6.62"
1919," 2.01"
1920," 3.12"
1921," 0.73"
1922," 2.37"
1923," 2.41"
1924," 1.69"
1925," 2.41"
1926," 2.30"
1927," 3.68"
1928," 3.43"
1929," 1.26"
1930," 1.64"
1931," 1.02"
1932," 1.49"
1933," 0.72"
1934," 3.17"
1935," 2.13"
1936," 1.73"
1937," 1.83"
1938," 0.21"
1939," 1.04"
1940," 2.56"
1941," 0.30"
1942," 0.04"
1943," 1.56"
1944," 5.34"
1945," 0.96"
1946," 1.05"
1947," 0.98"
1948," 1.98"
1949," 0.21"
1950," 2.53"
1951," 2.73"
1952," 2.14"
1953," 2.95"
1954," 3.02"
1955," 0.59"
1956," 4.11"
1957," 3.29"
1958," 2.53"
1959," 4.25"
1960," 3.87"
1961," 1.90"
1962," 3.31"
1963," 4.26"
1964," 3.47"
1965," 2.38"
1966," 2.20"
1967," 4.10"
1968," 3.08"
1969," 1.55"
1970," 4.15"
1971," 2.91"
1972," 1.44"
1973," 2.90"
1974," 2.10"
1975," 2.33"
1976," 1.29"
1977," 2.77"
1978," 3.38"
1979," 3.06"
1980," 2.53"
1981," 3.90"
1982," 2.26"
1983," 1.44"
1984," 1.58"
1985," 1.50"
1986," 2.64"
1987," 1.65"
1988," 2.86"
1989," 3.62"
1990," 3.27"
1991," 1.72"
1992," 1.23"
1993," 2.16"
1994," 1.49"
1995," 3.39"
1996," 1.77"
1997," 2.84"
1998," 1.26"
1999," 1.75"
2000," 1.88"
2001," 0.34"
2002," 3.19"
2003," 3.28"
2004," 0.94"
2005," 1.25"
2006," 0.78"
2007," 1.83"
2008," 4.22"
2009," 1.01"
2010," 2.02"
2011," 3.80"
2012," 2.40"
2013," 3.91"
2014," 4.28"
2015," 3.33"
2016," 3.39"
2017," 5.31"
2018," 2.53"
2019," 1.91"
2020," 3.15"
2021," 4.65"
2022," 2.44"
2023," 2.63"
2024," 2.23"
2025," 4.79"
2026," 4.04"
2027," 3.53"
2028," 3.82"
2029," 3.89"
2030," 2.00"
2031," 1.51"
2032," 1.05"
2033," 2.44"
2034," 3.81"
2035," 3.49"
2036," 3.11"
2037," 2.27"
2038," 2.12"
2039," 1.55"
2040," 1.36"
2041," 2.65"
2042," 0.97"
2043," 1.81"
2044," 2.09"
2045," 0.65"
2046," 3.50"
2047," 1.09"
2048," 2.85"
2049," 2.71"
2050," 1.84"
2051," 0.96"
2052," 0.63"
2053," 3.16"
2054," 2.34"
2055," 1.88"
2056," 3.34"
2057," 4.16"
2058," 3.18"
2059," 3.39"
2060," 4.48"
2061," 1.65"
2062," 1.81"
2063," 1.38"
2064," 1.87"
2065," 2.54"
2066," 4.12"
2067," 0.91"
2068," 2.44"
2069," 1.80"
2070," 3.70"
2071," 2.35"
2072," 1.98"
2073," 3.27"
2074," 0.64"
2075," 2.32"
2076," 2.00"
2077," 4.59"
2078," 0.18"
2079," 2.46"
2080," 4.21"
2081," 6.18"
2082," 2.16"
2083," 3.42"
2084," 1.58"
2085," 1.56"
2086," 2.04"
2087," 3.32"
2088," 2.42"
2089," 2.90"
2090," 2.32"
2091," 3.29"
2092," 2.63"
2093," 0.90"
2094," 2.95"
2095," 3.94"
2096," 1.19"
2097," 0.60"
2098," 3.55"
2099," 1.61"
2100," 0.90"
2101," 2.68"
2102," 3.14"
2103," 2.27"
2104," 1.92"
2105," 1.54"
2106," 3.43"
2107," 6.10"
2108," 1.45"
2109," 2.64"
2110," 3.64"
2111," 1.44"
2112," 5.47"
2113," 3.18"
2114," 1.81"
2115," 3.14"
2116," 3.40"
2117," 1.70"
2118," 3.57"
2119," 1.69"
2120," 4.24"
2121," 1.51"
2122," 2.37"
2123," 2.59"
2124," 3.59"
2125," 3.50"
2126," 2.07"
2127," 4.35"
2128," 5.20"
2129," 4.63"
2130," 1.30"
2131," 0.58"
2132," 3.81"
2133," 1.16"
2134," 3.04"
2135," 2.73"
2136," 3.36"
2137," 1.69"
2138," 4.02"
2139," 5.21"
2140," 1.65"
2141," 2.68"
2142," 2.33"
2143," 1.87"
2144," 1.48"
2145," 0.29"
2146," 2.68"
2147," 1.86"
2148," 2.93"
2149," 2.87"
2150," 0.18"
2151," 2.35"
2152," 3.99"
2153," 0.93"
2154," 3.56"
2155," 4.63"
2156," 2.23"
2157," 2.70"
2158," 1.70"
2159," 2.63"
2160," 2.55"
2161," 4.55"
2162," 0.49"
2163," 3.71"
2164," 0.85"
2165," 2.69"
2166," 4.34"
2167," 2.40"
2168," 1.53"
2169," 2.15"
2170," 3.22"
2171," 1.82"
2172," 2.39"
2173," 2.36"
2174," 1.81"
2175," 1.99"
2176," 3.66"
2177," 3.59"
2178," 3.98"
2179," 4.67"
2180," 1.57"
2181," 2.46"
2182," 4.52"
2183," 3.75"
2184," 1.72"
2185," 1.69"
2186," 2.91"
2187," 3.63"
2188," 3.52"
2189," 2.52"
2190," 2.57"
2191," 0.74"
2192," 1.27"
2193," 1.22"
2194," 3.91"
2195," 2.59"
2196," 1.17"
2197," 1.28"
2198," 2.65"
2199," 2.37"
2200," 1.87"
2201," 1.81"
2202," 3.46"
2203," 0.80"
2204," 1.75"
2205," 1.02"
2206," 2.42"
2207," 2.37"
2208," 5.47"
2209," 2.65"
2210," 0.78"
2211," 2.13"
2212," 2.58"
2213," 1.25"
2214," 2.42"
2215," 0.64"
2216," 3.70"
2217," 1.92"
2218," 3.77"
2219," 3.42"
2220," 5.87"
2221," 2.35"
2222," 3.47"
2223," 4.48"
2224," 2.00"
2225," 2.78"
2226," 6.68"
2227," 4.49"
2228," 5.37"
2229," 5.33"
2230," 2.53"
2231," 1.62"
2232," 2.02"
2233," 4.28"
2234," 2.21"
2235," 0.54"
2236," 5.38"
2237," 5.71"
2238," 2.21"
2239," 2.29"
2240," 2.00"
2241," 2.47"
2242," 2.03"
2243," 2.65"
2244," 3.41"
2245," 4.46"
2246," 2.28"
2247," 1.75"
2248," 3.07"
2249," 0.82"
2250," 1.53"
2251," 1.42"
2252," 2.40"
2253," 1.23"
2254," 1.86"
2255," 2.45"
2256," 0.37"
2257," 2.18"
2258," 2.20"
2259," 1.57"
2260," 3.84"
2261," 2.86"
2262," 2.24"
2263," 1.39"
2264," 1.35"
2265," 4.25"
2266," 3.81"
2267," 3.33"
2268," 3.27"
2269," 4.87"
2270," 1.96"
2271," 3.22"
2272," 2.06"
2273," 1.87"
2274," 5.82"
2275," 2.24"
2276," 1.73"
2277," 2.56"
2278," 2.97"
2279," 5.62"
2280," 2.92"
2281," 3.64"
2282," 2.03"
2283," 4.02"
2284," 2.95"
2285," 1.66"
2286," 4.10"
2287," 1.85"
2288," 2.47"
2289," 1.57"
2290," 1.73"
2291," 3.77"
2292," 1.98"
2293," 1.69"
2294," 0.39"
2295," 2.57"
2296," 2.40"
2297," 2.33"
2298," 1.78"
2299," 2.76"
2300," 3.56"
2301," 1.21"
2302," 1.64"
2303," 0.58"
2304," 2.56"
2305," 0.45"
2306," 1.93"
2307," 1.98"
2308," 2.38"
2309," 1.82"
2310," 2.12"
2311," 3.26"
2312," 0.77"
2313," 4.01"
2314," 1.50"
2315," 2.73"
2316," 2.20"
2317," 2.95"
2318," 2.57"
2319," 2.08"
2320," 3.76"
2321," 3.88"
2322," 3.62"
2323," 4.64"
2324," 2.27"
2325," 4.18"
2326," 2.68"
2327," 3.98"
2328," 3.90"
2329," 2.30"
2330," 2.24"
2331," 1.96"
2332," 1.57"
2333," 2.71"
2334," 0.99"
2335," 4.91"
2336," 1.85"
2337," 0.67"
2338," 3.23"
2339," 1.80"
2340," 4.40"
2341," 1.72"
2342," 1.71"
2343," 2.51"
2344," 3.25"
2345," 3.67"
2346," 1.75"
2347," 0.18"
2348," 1.32"
2349," 3.07"
2350," 4.01"
2351," 5.82"
2352," 0.88"
2353," 1.19"
2354," 2.03"
2355," 1.75"
2356," 1.57"
2357," 1.41"
2358," 3.56"
2359," 0.28"
2360," 1.50"
2361," 0.40"
2362," 1.81"
2363," 2.04"
2364," 3.79"
2365," 2.23"
2366," 0.41"
2367," 3.74"
2368," 3.81"
2369," 2.26"
2370," 4.17"
2371," 2.05"
2372," 0.44"
2373," 0.87"
2374," 3.93"
2375," 4.37"
2376," 3.00"
2377," 4.26"
2378," 3.35"
2379," 4.63"
2380," 1.50"
2381," 2.71"
2382," 1.28"
2383," 3.06"
2384," 3.41"
2385," 2.64"
2386," 2.82"
2387," 2.42"
2388," 7.65"
2389," 1.91"
2390," 5.30"
2391," 3.22"
2392," 3.84"
2393," 5.85"
2394," 3.16"
2395," 2.21"
2396," 3.63"
2397," 3.44"
2398," 4.02"
2399," 0.80"
2400," 0.89"
2401," 1.00"
2402," 1.40"
2403," 5.67"
2404," 3.95"
2405," 1.63"
2406," 2.77"
2407," 1.40"
2408," 3.26"
2409," 2.62"
2410," 1.50"
2411," 0.45"
2412," 2.00"
2413," 1.83"
2414," 0.77"
2415," 3.67"
2416," 4.04"
2417," 4.00"
2418," 2.99"
2419," 3.46"
2420," 3.01"
2421," 3.30"
2422," 0.38"
2423," 4.42"
2424," 2.02"
2425," 3.26"
2426," 4.26"
2427," 2.35"
2428," 3.14"
2429," 5.27"
2430," 2.53"
2431," 3.53"
2432," 2.92"
2433," 2.85"
2434," 3.13"
2435," 1.13"
2436," 3.75"
2437," 7.39"
2438," 1.99"
2439," 7.08"
2440," 1.72"
2441," 1.46"
2442," 4.29"
2443," 3.32"
2444," 3.71"
2445," 4.66"
2446," 2.04"
2447," 1.88"
2448," 2.32"
2449," 2.78"
2450," 2.70"
2451," 3.80"
2452," 3.92"
2453," 3.16"
2454," 4.68"
2455," 2.28"
2456," 4.75"
2457," 2.52"
2458," 1.71"
2459," 1.49"
2460," 4.51"
2461," 3.26"
2462," 2.30"
2463," 4.04"
2464," 1.55"
2465," 2.65"
2466," 2.08"
2467," 2.00"
2468," 1.31"
2469," 0.42"
2470," 3.87"
2471," 3.45"
2472," 2.38"
2473," 1.78"
2474," 1.10"
2475," 1.35"
2476," 0.79"
2477," 5.03"
2478," 3.36"
2479," 4.75"
2480," 2.12"
2481," 2.71"
2482," 0.99"
2483," 0.84"
2484," 0.76"
2485," 5.25"
2486," 3.34"
2487," 1.17"
2488," 2.25"
2489," 2.90"
2490," 3.69"
2491," 1.27"
2492," 4.81"
2493," 2.59"
2494," 1.51"
2495," 1.64"
2496," 5.78"
2497," 2.41"
2498," 2.38"
2499," 1.64"
2500," 1.90"
2501," 2.38"
2502," 1.10"
2503," 0.49"
2504," 1.87"
2505," 2.13"
2506," 6.92"
2507," 2.86"
2508," 1.98"
2509," 1.21"
2510," 0.48"
2511," 0.97"
2512," 2.41"
2513," 1.41"
2514," 1.30"
2515," 4.73"
2516," 2.95"
2517," 2.38"
2518," 4.27"
2519," 0.57"
2520," 3.16"
2521," 0.75"
2522," 0.82"
2523," 0.93"
2524," 3.47"
2525," 0.60"
2526," 2.17"
2527," 3.10"
2528," 3.17"
2529," 2.34"
2530," 3.58"
2531," 3.28"
2532," 2.63"
2533," 1.77"
2534," 2.29"
2535," 2.29"
2536," 2.19"
2537," 1.73"
2538," 1.67"
2539," 4.72"
2540," 1.67"
2541," 1.78"
2542," 3.55"
2543," 3.14"
2544," 1.86"
2545," 3.16"
2546," 3.64"
2547," 1.26"
2548," 0.96"
2549," 0.50"
2550," 4.24"
2551," 2.07"
2552," 1.67"
2553," 2.14"
2554," 1.56"
2555," 1.49"
2556," 2.92"
2557," 3.43"
2558," 3.84"
2559," 4.21"
2560," 4.40"
2561," 1.54"
2562," 1.83"
2563," 2.29"
2564," 1.41"
2565," 1.06"
2566," 4.85"
2567," 0.54"
2568," 0.86"
2569," 1.46"
2570," 2.21"
2571," 2.82"
2572," 1.23"
2573," 1.80"
2574," 0.08"
2575," 2.09"
2576," 1.02"
2577," 3.54"
2578," 3.86"
2579," 4.04"
2580," 2.09"
2581," 2.17"
2582," 3.46"
2583," 5.85"
2584," 4.37"
2585," 2.42"
2586," 2.63"
2587," 2.41"
2588," 4.35"
2589," 2.85"
2590," 1.73"
2591," 0.90"
2592," 2.24"
2593," 4.69"
2594," 2.63"
2595," 2.28"
2596," 6.17"
2597," 2.87"
2598," 4.54"
2599," 3.23"
2600," 0.97"
2601," 4.86"
2602," 0.75"
2603," 0.94"
2604," 3.60"
2605," 1.49"
2606," 2.29"
2607," 2.38"
2608," 1.96"
2609," 2.76"
2610," 3.06"
2611," 2.68"
2612," 2.26"
2613," 0.92"
2614," 1.76"
2615," 1.24"
2616," 2.55"
2617," 2.07"
2618," 1.20"
2619," 1.63"
2620," 1.32"
2621," 1.72"
2622," 2.08"
2623," 4.80"
2624," 1.09"
2625," 3.77"
2626," 0.29"
2627," 1.78"
2628," 6.97"
2629," 2.60"
2630," 2.97"
2631," 1.88"
2632," 4.32"
2633," 6.10"
2634," 6.03"
2635," 3.94"
2636," 1.45"
2637," 4.58"
2638," 1.53"
2639," 1.84"
2640," 5.04"
2641," 4.63"
2642," 1.41"
2643," 3.09"
2644," 2.56"
2645," 1.66"
2646," 4.56"
2647," 4.22"
2648," 0.64"
2649," 2.73"
2650," 0.88"
2651," 0.82"
2652," 2.16"
2653," 1.53"
2654," 4.02"
2655," 2.05"
2656," 2.78"
2657," 1.89"
2658," 2.27"
2659," 5.96"
2660," 3.09"
2661," 1.94"
2662," 2.38"
2663," 0.95"
2664," 1.53"
2665," 1.49"
2666," 3.32"
2667," 5.14"
2668," 1.39"
2669," 3.01"
2670," 2.15"
2671," 2.41"
2672," 2.44"
2673," 1.15"
2674," 0.93"
2675," 2.48"
2676," 3.16"
2677," 2.41"
2678," 1.81"
2679," 0.91"
2680," 2.08"
2681," 1.75"
2682," 7.60"
2683," 3.54"
2684," 0.97"
2685," 2.92"
2686," 3.54"
2687," 2.50"
2688," 1.73"
2689," 1.52"
2690," 2.75"
2691," 1.51"
2692," 2.86"
2693," 1.53"
2694," 2.92"
2695," 2.28"
2696," 3.33"
2697," 2.71"
2698," 3.03"
2699," 3.91"
2700," 4.54"
2701," 4.24"
2702," 4.05"
2703," 4.31"
2704," 5.04"
2705," 2.09"
2706," 1.79"
2707," 0.83"
2708," 2.92"
2709," 5.85"
2710," 1.81"
2711," 2.16"
2712," 2.67"
2713," 3.94"
2714," 1.22"
2715," 1.67"
2716," 2.56"
2717," 1.76"
2718," 3.00"
2719," 1.18"
2720," 1.82"
2721," 2.67"
2722," 3.61"
2723," 3.88"
2724," 1.43"
2725," 2.42"
2726," 2.46"
2727," 2.69"
2728," 4.19"
2729," 1.58"
2730," 1.97"
2731," 3.76"
2732," 3.85"
2733," 4.10"
2734," 1.38"
2735," 3.71"
2736," 1.91"
2737," 8.60"
2738," 3.35"
2739," 2.49"
2740," 1.11"
2741," 1.06"
2742," 1.07"
2743," 5.24"
2744," 3.09"
2745," 1.12"
2746," 4.15"
2747," 1.81"
2748," 0.98"
2749," 1.40"
2750," 2.55"
2751," 2.67"
2752," 2.92"
2753," 3.70"
2754," 2.44"
2755," 3.58"
2756," 2.05"
2757," 1.60"
2758," 1.76"
2759," 3.67"
2760," 2.71"
2761," 2.17"
2762," 1.71"
2763," 1.20"
2764," 3.21"
2765," 1.64"
2766," 2.01"
2767," 2.39"
2768," 1.63"
2769," 1.99"
2770," 1.87"
2771," 3.12"
2772," 1.27"
2773," 3.03"
2774," 1.09"
2775," 3.01"
2776," 0.85"
2777," 1.77"
2778," 2.62"
2779," 3.10"
2780," 0.54"
2781," 1.76"
2782," 2.28"
2783," 2.48"
2784," 2.29"
2785," 3.21"
2786," 4.13"
2787," 2.76"
2788," 1.38"
2789," 5.07"
2790," 0.72"
2791," 3.30"
2792," 2.89"
2793," 4.06"
2794," 3.26"
2795," 3.01"
2796," 3.71"
2797," 2.94"
2798," 1.62"
2799," 1.98"
2800," 3.25"
2801," 1.01"
2802," 1.53"
2803," 5.89"
2804," 7.41"
2805," 3.48"
2806," 0.82"
2807," 4.06"
2808," 2.24"
2809," 3.03"
2810," 3.50"
2811," 3.09"
2812," 3.09"
2813," 5.32"
2814," 1.28"
2815," 3.21"
2816," 2.69"
2817," 2.32"
2818," 4.36"
2819," 1.71"
2820," 3.55"
2821," 2.03"
2822," 3.02"
2823," 2.65"
2824," 1.15"
2825," 1.74"
2826," 0.36"
2827," 3.29"
2828," 2.04"
2829," 2.92"
2830," 2.28"
2831," 3.29"
2832," 0.86"
2833," 1.63"
2834," 3.41"
2835," 2.98"
2836," 2.94"
2837," 4.20"
2838," 4.23"
2839," 4.72"
2840," 2.68"
2841," 2.07"
2842," 3.32"
2843," 3.39"
2844," 2.34"
2845," 4.17"
2846," 4.79"
2847," 1.76"
2848," 4.45"
2849," 1.74"
2850," 3.20"
2851," 2.24"
2852," 4.09"
2853," 3.02"
2854," 7.06"
2855," 2.73"
2856," 1.30"
2857," 1.76"
2858," 2.14"
2859," 3.31"
2860," 2.81"
2861," 3.83"
2862," 3.06"
2863," 0.78"
2864," 1.45"
2865," 3.37"
2866," 3.90"
2867," 3.99"
2868," 2.74"
2869," 4.17"
2870," 3.38"
2871," 3.23"
2872," 3.53"
2873," 3.65"
2874," 1.69"
2875," 0.21"
2876," 1.76"
2877," 3.79"
2878," 2.43"
2879," 2.14"
2880," 2.48"
2881," 0.45"
2882," 0.81"
2883," 3.35"
2884," 1.66"
2885," 0.17"
2886," 3.74"
2887," 3.51"
2888," 1.47"
2889," 3.26"
2890," 1.33"
2891," 2.47"
2892," 1.19"
2893," 2.51"
2894," 5.05"
2895," 2.21"
2896," 2.71"
2897," 2.65"
2898," 2.87"
2899," 2.21"
2900," 3.11"
2901," 2.24"
2902," 2.21"
2903," 3.50"
2904," 2.04"
2905," 3.71"
2906," 1.15"
2907," 3.43"
2908," 2.67"
2909," 5.67"
2910," 4.91"
2911," 1.97"
2912," 3.51"
2913," 1.71"
2914," 2.75"
2915," 4.90"
2916," 5.15"
2917," 2.34"
2918," 5.66"
2919," 2.80"
2920," 3.29"
2921," 2.15"
2922," 2.75"
2923," 2.29"
2924," 2.11"
2925," 4.75"
2926," 1.23"
2927," 5.46"
2928," 2.30"
2929," 3.60"
2930," 1.90"
2931," 0.72"
2932," 2.92"
2933," 3.15"
2934," 0.69"
2935," 2.21"
2936," 2.75"
2937," 2.06"
2938," 1.63"
2939," 1.71"
2940," 1.22"
2941," 5.22"
2942," 3.35"
2943," 1.43"
2944," 3.40"
2945," 1.46"
2946," 0.93"
2947," 2.54"
2948," 5.01"
2949," 1.54"
2950," 3.94"
2951," 2.28"
2952," 5.07"
2953," 4.17"
2954," 0.99"
2955," 2.03"
2956," 1.88"
2957," 2.77"
2958," 1.71"
2959," 2.41"
2960," 4.82"
2961," 4.69"
2962," 1.84"
2963," 5.19"
2964," 5.17"
2965," 4.63"
2966," 1.37"
2967," 2.78"
2968," 3.65"
2969," 0.18"
2970," 6.62"
2971," 2.07"
2972," 2.22"
2973," 2.17"
2974," 1.39"
2975," 3.90"
2976," 2.62"
2977," 2.28"
2978," 1.77"
2979," 2.12"
2980," 2.14"
2981," 2.33"
2982," 1.78"
2983," 3.02"
2984," 1.27"
2985," 1.08"
2986," 2.54"
2987," 1.77"
2988," 4.70"
2989," 1.81"
2990," 1.32"
2991," 2.41"
2992," 0.90"
2993," 0.84"
2994," 4.15"
2995," 2.13"
2996," 4.19"
2997," 5.91"
2998," 0.84"
2999," 3.10"
3000," 1.87"
3001," 2.89"
3002," 6.18"
3003," 2.96"
3004," 1.58"
3005," 0.80"
3006," 2.40"
3007," 1.50"
3008," 4.17"
3009," 1.54"
3010," 3.51"
3011," 4.21"
3012," 2.79"
3013," 2.83"
3014," 3.52"
3015," 3.87"
3016," 3.65"
3017," 3.45"
3018," 0.86"
3019," 2.52"
3020," 1.28"
3021," 3.83"
3022," 4.49"
3023," 3.38"
3024," 3.16"
3025," 3.71"
3026," 4.11"
3027," 1.84"
3028," 4.76"
3029," 2.52"
3030," 2.41"
3031," 3.82"
3032," 4.09"
3033," 2.82"
3034," 2.76"
3035," 1.73"
3036," 5.55"
3037," 0.96"
3038," 1.88"
3039," 1.40"
3040," 3.58"
3041," 3.89"
3042," 0.42"
3043," 3.27"
3044," 3.75"
3045," 1.85"
3046," 2.77"
3047," 1.82"
3048," 4.12"
3049," 3.56"
3050," 4.90"
3051," 3.57"
3052," 5.20"
3053," 3.03"
3054," 4.98"
3055," 3.36"
3056," 4.97"
3057," 3.53"
3058," 4.08"
3059," 1.83"
3060," 1.97"
3061," 1.20"
3062," 2.31"
3063," 5.91"
3064," 2.64"
3065," 1.68"
3066," 2.22"
3067," 1.94"
3068," 2.12"
3069," 3.84"
3070," 1.46"
3071," 3.66"
3072," 5.10"
3073," 1.95"
3074," 2.48"
3075," 3.59"
3076," 3.59"
3077," 5.01"
3078," 5.56"
3079," 2.82"
3080," 2.46"
3081," 2.01"
3082," 1.38"
3083," 2.77"
3084," 1.00"
3085," 3.83"
3086," 2.39"
3087," 2.78"
3088," 1.92"
3089," 3.81"
3090," 0.30"
3091," 2.62"
3092," 6.11"
3093," 2.06"
3094," 0.73"
3095," 3.85"
3096," 4.15"
3097," 2.58"
3098," 4.05"
3099," 1.24"
3100," 4.47"
3101," 1.79"
3102," 2.43"
3103," 3.69"
3104," 2.16"
3105," 5.45"
3106," 2.77"
3107," 2.84"
3108," 4.94"
3109," 4.73"
3110," 3.17"
3111," 4.71"
3112," 4.98"
3113," 3.72"
3114," 0.27"
3115," 1.30"
3116," 0.36"
3117," 2.73"
3118," 5.73"
3119," 4.28"
3120," 0.95"
3121," 3.14"
3122," 3.99"
3123," 1.42"
3124," 0.98"
3125," 1.56"
3126," 1.77"
3127," 3.48"
3128," 3.59"
3129," 1.60"
3130," 3.07"
3131," 1.97"
3132," 1.67"
3133," 0.63"
3134," 0.73"
3135," 3.42"
3136," 1.10"
3137," 0.86"
3138," 0.82"
3139," 3.14"
3140," 0.23"
3141," 2.39"
3142," 0.82"
3143," 1.06"
3144," 1.39"
3145," 4.26"
3146," 1.11"
3147," 0.38"
3148," 2.29"
3149," 5.15"
3150," 2.27"
3151," 0.84"
3152," 2.39"
3153," 6.15"
3154," 4.07"
3155," 2.52"
3156," 4.02"
3157," 4.77"
3158," 3.79"
3159," 3.04"
3160," 5.33"
3161," 3.21"
3162," 2.22"
3163," 3.68"
3164," 4.65"
3165," 1.77"
3166," 4.84"
3167," 3.09"
3168," 3.23"
3169," 5.35"
3170," 4.25"
3171," 1.23"
3172," 2.04"
3173," 1.78"
3174," 3.61"
3175," 1.15"
3176," 0.23"
3177," 3.52"
3178," 4.95"
3179," 4.27"
3180," 2.97"
3181," 3.76"
3182," 0.55"
3183," 2.10"
3184," 2.10"
3185," 2.31"
3186," 2.01"
3187," 1.84"
3188," 2.88"
3189," 1.26"
3190," 1.71"
3191," 1.92"
3192," 5.15"
3193," 4.35"
3194," 1.37"
3195," 2.11"
3196," 0.32"
3197," 2.60"
3198," 5.05"
3199," 4.16"
3200," 4.69"
3201," 1.83"
3202," 2.75"
3203," 3.24"
3204," 4.81"
3205," 3.56"
3206," 2.77"
3207," 1.20"
3208," 4.93"
3209," 2.03"
3210," 1.70"
3211," 1.09"
3212," 2.32"
3213," 4.02"
3214," 2.02"
3215," 4.61"
3216," 2.47"
3217," 3.24"
3218," 2.66"
3219," 1.98"
3220," 1.55"
3221," 5.52"
3222," 3.93"
3223," 0.80"
3224," 5.25"
3225," 5.06"
3226," 1.88"
3227," 0.68"
3228," 2.04"
3229," 1.93"
3230," 2.31"
3231," 6.11"
3232," 3.17"
3233," 2.74"
3234," 1.84"
3235," 3.02"
3236," 2.30"
3237," 2.56"
3238," 2.70"
3239," 3.77"
3240," 1.32"
3241," 1.10"
3242," 1.39"
3243," 2.61"
3244," 3.04"
3245," 1.48"
3246," 1.79"
3247," 1.32"
3248," 1.77"
3249," 0.70"
3250," 0.88"
3251," 3.07"
3252," 1.87"
3253," 2.17"
3254," 2.13"
3255," 0.77"
3256," 2.74"
3257," 5.88"
3258," 2.36"
3259," 3.96"
3260," 3.49"
3261," 1.17"
3262," 2.63"
3263," 1.11"
3264," 2.24"
3265," 3.43"
3266," 3.48"
3267," 4.25"
3268," 2.59"
3269," 0.85"
3270," 1.19"
3271," 5.21"
3272," 1.68"
3273," 5.54"
3274," 1.00"
3275," 2.62"
3276," 3.29"
3277," 3.31"
3278," 4.24"
3279," 4.32"
3280," 0.96"
3281," 1.56"
3282," 1.36"
3283," 2.15"
3284," 2.28"
3285," 2.19"
3286," 4.27"
3287," 2.29"
3288," 1.28"
3289," 3.20"
3290," 2.60"
3291," 1.24"
3292," 5.57"
3293," 2.79"
3294," 2.33"
3295," 3.31"
3296," 3.76"
3297," 0.80"
3298," 3.01"
3299," 1.98"
3300," 0.42"
3301," 1.16"
3302," 7.41"
3303," 4.12"
3304," 2.18"
3305," 1.81"
3306," 1.68"
3307," 1.15"
3308," 5.33"
3309," 6.21"
3310," 2.42"
3311," 7.13"
3312," 1.89"
3313," 5.25"
3314," 2.84"
3315," 3.88"
3316," 4.86"
3317," 3.79"
3318," 4.19"
3319," 2.32"
3320," 2.15"
3321," 1.84"
3322," 5.17"
3323," 2.88"
3324," 3.27"
3325," 5.25"
3326," 0.19"
3327," 2.03"
3328," 3.49"
3329," 3.70"
3330," 3.29"
3331," 4.46"
3332," 2.35"
3333," 1.50"
3334," 4.79"
3335," 2.02"
3336," 1.47"
3337," 3.46"
3338," 4.98"
3339," 2.50"
3340," 2.60"
3341," 3.99"
3342," 2.00"
3343," 1.99"
3344," 3.25"
3345," 2.55"
3346," 1.36"
3347," 4.32"
3348," 1.44"
3349," 0.88"
3350," 2.77"
3351," 1.58"
3352," 1.61"
3353," 2.96"
3354," 2.78"
3355," 2.19"
3356," 2.35"
3357," 4.15"
3358," 2.00"
3359," 5.47"
3360," 1.68"
3361," 2.23"
3362," 4.83"
3363," 4.24"
3364," 3.53"
3365," 2.67"
3366," 3.75"
3367," 4.91"
3368," 2.57"
3369," 3.86"
3370," 3.26"
3371," 1.03"
3372," 7.91"
3373," 2.01"
3374," 1.13"
3375," 4.16"
3376," 6.21"
3377," 3.29"
3378," 0.93"
3379," 4.10"
3380," 2.60"
3381," 3.76"
3382," 1.86"
3383," 3.18"
3384," 2.23"
3385," 2.17"
3386," 3.12"
3387," 3.47"
3388," 0.88"
3389," 1.76"
3390," 1.76"
3391," 2.71"
3392," 2.78"
3393," 2.32"
3394," 1.50"
3395," 0.82"
3396," 1.99"
3397," 3.57"
3398," 2.32"
3399," 1.80"
3400," 1.11"
3401," 1.24"
3402," 0.57"
3403," 0.85"
3404," 1.12"
3405," 1.67"
3406," 3.71"
3407," 1.20"
3408," 3.14"
3409," 0.59"
3410," 1.91"
3411," 2.64"
3412," 1.17"
3413," 4.32"
3414," 3.22"
3415," 6.45"
3416," 2.73"
3417," 5.42"
3418," 2.57"
3419," 2.50"
3420," 2.94"
3421," 1.96"
3422," 1.04"
3423," 2.90"
3424," 4.65"
3425," 4.06"
3426," 4.12"
3427," 1.95"
3428," 5.61"
3429," 1.95"
3430," 0.18"
3431," 2.16"
3432," 1.80"
3433," 2.07"
3434," 3.21"
3435," 5.36"
3436," 1.25"
3437," 2.74"
3438," 3.13"
3439," 2.00"
3440," 1.27"
3441," 0.74"
3442," 2.56"
3443," 3.82"
3444," 3.12"
3445," 1.96"
3446," 4.80"
3447," 0.71"
3448," 1.55"
3449," 2.67"
3450," 2.91"
3451," 3.05"
3452," 3.91"
3453," 2.58"
3454," 1.08"
3455," 3.69"
3456," 3.80"
3457," 7.07"
3458," 3.75"
3459," 1.96"
3460," 1.18"
3461," 2.07"
3462," 2.48"
3463," 2.52"
3464," 0.56"
3465," 1.00"
3466," 2.96"
3467," 3.77"
3468," 0.97"
3469," 3.06"
3470," 4.13"
3471," 4.53"
3472," 2.27"
3473," 1.78"
3474," 2.29"
3475," 2.49"
3476," 4.46"
3477," 6.70"
3478," 3.73"
3479," 1.47"
3480," 3.33"
3481," 2.66"
3482," 1.25"
3483," 3.31"
3484," 1.58"
3485," 2.05"
3486," 6.97"
3487," 2.90"
3488," 2.43"
3489," 0.25"
3490," 2.19"
3491," 2.22"
3492," 3.33"
3493," 3.26"
3494," 4.97"
3495," 2.09"
3496," 4.21"
3497," 4.06"
3498," 4.34"
3499," 1.92"
3500," 1.94"
3501," 1.89"
3502," 4.32"
3503," 2.91"
3504," 3.38"
3505," 3.56"
3506," 1.83"
3507," 1.85"
3508," 2.24"
3509," 3.03"
3510," 6.39"
3511," 2.39"
3512," 3.14"
3513," 2.10"
3514,"13.49"
3515," 0.83"
3516," 1.08"
3517," 4.00"
3518," 4.56"
3519," 2.43"
3520," 3.43"
3521," 5.31"
3522," 5.67"
3523," 3.41"
3524," 4.39"
3525," 1.48"
3526," 4.11"
3527," 3.83"
3528," 2.72"
3529," 3.38"
3530," 2.81"
3531," 2.28"
3532," 4.52"
3533," 0.92"
3534," 2.08"
3535," 1.52"
3536," 3.06"
3537," 3.83"
3538," 0.81"
3539," 4.05"
3540," 9.00"
3541," 2.25"
3542," 4.37"
3543," 1.82"
3544," 0.72"
3545," 3.22"
3546," 3.23"
3547," 2.51"
3548," 2.74"
3549," 0.36"
